33,大运盈通（北京）数码科技有限公司,101764331,白领精英沙龙,安徽,交友聊天,1,1
0,北京沃特信通科技有限公司,1017680,互动娱乐城,安徽,交友聊天,2,1
0,北京沃特信通科技有限公司,1017689,心语星空,安徽,情感哲理,1,2
33,大运盈通（北京）数码科技有限公司,101764332,魅力声线,安徽,生活百科,1,3
33,大运盈通（北京）数码科技有限公司,101763332,幸运转盘,安徽,生活百科,2,3
0,北京沃特信通科技有限公司,10176996,音乐星空,安徽,音乐点歌,1,4
33,大运盈通（北京）数码科技有限公司,101763330,互动声线,安徽,音乐点歌,2,4
0,北京沃特信通科技有限公司,1017699,动感音乐吧,安徽,娱乐笑话,1,5
0,北京沃特信通科技有限公司,101768,乐翻天,安徽,娱乐笑话,2,5
33,大运盈通（北京）数码科技有限公司,101764330,巅峰对决,安徽,娱乐笑话,3,5
33,大运盈通（北京）数码科技有限公司,101764331,白领精英沙龙,安徽,热门产品,1,6
0,北京沃特信通科技有限公司,1017680,互动娱乐城,安徽,热门产品,2,6
0,北京沃特信通科技有限公司,1017689,心语星空,安徽,热门产品,3,6
33,大运盈通（北京）数码科技有限公司,101764332,魅力声线,安徽,热门产品,4,6
33,大运盈通（北京）数码科技有限公司,101763332,幸运转盘,安徽,热门产品,5,6
28,北京鹏华信通网络技术服务有限公司,101763282,商情无限,福建,财经时事,1,7
33,大运盈通（北京）数码科技有限公司,101764331,白领精英沙龙,福建,交友聊天,1,8
0,北京沃特信通科技有限公司,1017689,心语星空,福建,情感哲理,1,9
33,大运盈通（北京）数码科技有限公司,101764332,魅力声线,福建,生活百科,1,10
28,北京鹏华信通网络技术服务有限公司,101762281,足球世界,福建,生活百科,2,10
0,北京沃特信通科技有限公司,1017699,动感音乐吧,福建,娱乐笑话,1,11
33,大运盈通（北京）数码科技有限公司,101764330,巅峰对决,福建,娱乐笑话,2,11
0,北京沃特信通科技有限公司,1017688,欢乐大玩家,福建,娱乐笑话,3,11
28,北京鹏华信通网络技术服务有限公司,101763282,商情无限,福建,热门产品,1,12
33,大运盈通（北京）数码科技有限公司,101764331,白领精英沙龙,福建,热门产品,2,12
0,北京沃特信通科技有限公司,1017689,心语星空,福建,热门产品,3,12
33,大运盈通（北京）数码科技有限公司,101764332,魅力声线,福建,热门产品,4,12
28,北京鹏华信通网络技术服务有限公司,101762281,足球世界,福建,热门产品,5,12
28,北京鹏华信通网络技术服务有限公司,101763282,商情无限,甘肃,财经时事,1,13
33,大运盈通（北京）数码科技有限公司,101764331,白领精英沙龙,甘肃,交友聊天,1,14
0,北京沃特信通科技有限公司,1017680,互动娱乐城,甘肃,交友聊天,2,14
28,北京鹏华信通网络技术服务有限公司,101764282,娱乐在线,甘肃,交友聊天,3,14
28,北京鹏华信通网络技术服务有限公司,101762280,心灵驿站,甘肃,交友聊天,4,14
0,北京沃特信通科技有限公司,1017689,心语星空,甘肃,情感哲理,1,15
28,北京鹏华信通网络技术服务有限公司,101763281,浪漫花园,甘肃,情感哲理,2,15
33,大运盈通（北京）数码科技有限公司,101764332,魅力声线,甘肃,生活百科,1,16
28,北京鹏华信通网络技术服务有限公司,101763280,都市直通车,甘肃,生活百科,2,16
33,大运盈通（北京）数码科技有限公司,101763332,幸运转盘,甘肃,生活百科,3,16
28,北京鹏华信通网络技术服务有限公司,101762281,足球世界,甘肃,生活百科,4,16
0,北京沃特信通科技有限公司,1017690,倾情点歌,甘肃,音乐点歌,1,17
28,北京鹏华信通网络技术服务有限公司,101764283,缘分天空,甘肃,音乐点歌,2,17
0,北京沃特信通科技有限公司,10176996,音乐星空,甘肃,音乐点歌,3,17
33,大运盈通（北京）数码科技有限公司,101763330,互动声线,甘肃,音乐点歌,4,17
28,北京鹏华信通网络技术服务有限公司,101764280,空中音乐快车,甘肃,音乐点歌,5,17
0,北京沃特信通科技有限公司,1017699,动感音乐吧,甘肃,娱乐笑话,1,18
28,北京鹏华信通网络技术服务有限公司,101764281,快乐任我行,甘肃,娱乐笑话,2,18
0,北京沃特信通科技有限公司,101768,乐翻天,甘肃,娱乐笑话,3,18
33,大运盈通（北京）数码科技有限公司,101764330,巅峰对决,甘肃,娱乐笑话,4,18
0,北京沃特信通科技有限公司,1017696,缘分天空,甘肃,娱乐笑话,5,18
0,北京沃特信通科技有限公司,1017698,蜜语传情,甘肃,娱乐笑话,6,18
28,北京鹏华信通网络技术服务有限公司,101763283,欢乐大本营,甘肃,娱乐笑话,7,18
28,北京鹏华信通网络技术服务有限公司,101763282,商情无限,甘肃,热门产品,1,19
33,大运盈通（北京）数码科技有限公司,101764331,白领精英沙龙,甘肃,热门产品,2,19
0,北京沃特信通科技有限公司,1017680,互动娱乐城,甘肃,热门产品,3,19
28,北京鹏华信通网络技术服务有限公司,101764282,娱乐在线,甘肃,热门产品,4,19
28,北京鹏华信通网络技术服务有限公司,101762280,心灵驿站,甘肃,热门产品,5,19
28,北京鹏华信通网络技术服务有限公司,101763282,商情无限,广东,财经时事,1,20
33,大运盈通（北京）数码科技有限公司,101764331,白领精英沙龙,广东,交友聊天,1,21
0,北京沃特信通科技有限公司,1017680,互动娱乐城,广东,交友聊天,2,21
28,北京鹏华信通网络技术服务有限公司,101764282,娱乐在线,广东,交友聊天,3,21
28,北京鹏华信通网络技术服务有限公司,101762280,心灵驿站,广东,交友聊天,4,21
0,北京沃特信通科技有限公司,1017689,心语星空,广东,情感哲理,1,22
28,北京鹏华信通网络技术服务有限公司,101763281,浪漫花园,广东,情感哲理,2,22
33,大运盈通（北京）数码科技有限公司,101764332,魅力声线,广东,生活百科,1,23
28,北京鹏华信通网络技术服务有限公司,101763280,都市直通车,广东,生活百科,2,23
33,大运盈通（北京）数码科技有限公司,101763332,幸运转盘,广东,生活百科,3,23
28,北京鹏华信通网络技术服务有限公司,101762281,足球世界,广东,生活百科,4,23
0,北京沃特信通科技有限公司,1017690,倾情点歌,广东,音乐点歌,1,24
28,北京鹏华信通网络技术服务有限公司,101764283,缘分天空,广东,音乐点歌,2,24
0,北京沃特信通科技有限公司,10176996,音乐星空,广东,音乐点歌,3,24
33,大运盈通（北京）数码科技有限公司,101763330,互动声线,广东,音乐点歌,4,24
28,北京鹏华信通网络技术服务有限公司,101764280,空中音乐快车,广东,音乐点歌,5,24
0,北京沃特信通科技有限公司,1017699,动感音乐吧,广东,娱乐笑话,1,25
28,北京鹏华信通网络技术服务有限公司,101764281,快乐任我行,广东,娱乐笑话,2,25
0,北京沃特信通科技有限公司,101768,乐翻天,广东,娱乐笑话,3,25
33,大运盈通（北京）数码科技有限公司,101764330,巅峰对决,广东,娱乐笑话,4,25
0,北京沃特信通科技有限公司,1017696,缘分天空,广东,娱乐笑话,5,25
0,北京沃特信通科技有限公司,1017688,欢乐大玩家,广东,娱乐笑话,6,25
0,北京沃特信通科技有限公司,1017698,蜜语传情,广东,娱乐笑话,7,25
28,北京鹏华信通网络技术服务有限公司,101763282,商情无限,广东,热门产品,1,26
33,大运盈通（北京）数码科技有限公司,101764331,白领精英沙龙,广东,热门产品,2,26
0,北京沃特信通科技有限公司,1017680,互动娱乐城,广东,热门产品,3,26
28,北京鹏华信通网络技术服务有限公司,101764282,娱乐在线,广东,热门产品,4,26
28,北京鹏华信通网络技术服务有限公司,101762280,心灵驿站,广东,热门产品,5,26
33,大运盈通（北京）数码科技有限公司,101764331,白领精英沙龙,广西,交友聊天,1,27
0,北京沃特信通科技有限公司,1017680,互动娱乐城,广西,交友聊天,2,27
0,北京沃特信通科技有限公司,1017689,心语星空,广西,情感哲理,1,28
33,大运盈通（北京）数码科技有限公司,101764332,魅力声线,广西,生活百科,1,29
0,北京沃特信通科技有限公司,10176999,专家热线,广西,生活百科,2,29
0,北京沃特信通科技有限公司,10176996,音乐星空,广西,音乐点歌,1,30
0,北京沃特信通科技有限公司,1017699,动感音乐吧,广西,娱乐笑话,1,31
0,北京沃特信通科技有限公司,101768,乐翻天,广西,娱乐笑话,2,31
33,大运盈通（北京）数码科技有限公司,101764330,巅峰对决,广西,娱乐笑话,3,31
0,北京沃特信通科技有限公司,1017688,欢乐大玩家,广西,娱乐笑话,4,31
33,大运盈通（北京）数码科技有限公司,101764331,白领精英沙龙,广西,热门产品,1,32
0,北京沃特信通科技有限公司,1017680,互动娱乐城,广西,热门产品,2,32
0,北京沃特信通科技有限公司,1017689,心语星空,广西,热门产品,3,32
33,大运盈通（北京）数码科技有限公司,101764332,魅力声线,广西,热门产品,4,32
0,北京沃特信通科技有限公司,10176999,专家热线,广西,热门产品,5,32
28,北京鹏华信通网络技术服务有限公司,101763282,商情无限,贵州,财经时事,1,33
33,大运盈通（北京）数码科技有限公司,101764331,白领精英沙龙,贵州,交友聊天,1,34
0,北京沃特信通科技有限公司,1017680,互动娱乐城,贵州,交友聊天,2,34
28,北京鹏华信通网络技术服务有限公司,101764282,娱乐在线,贵州,交友聊天,3,34
0,北京沃特信通科技有限公司,1017689,心语星空,贵州,情感哲理,1,35
33,大运盈通（北京）数码科技有限公司,101764332,魅力声线,贵州,生活百科,1,36
33,大运盈通（北京）数码科技有限公司,101763332,幸运转盘,贵州,生活百科,2,36
28,北京鹏华信通网络技术服务有限公司,101764283,缘分天空,贵州,音乐点歌,1,37
0,北京沃特信通科技有限公司,10176996,音乐星空,贵州,音乐点歌,2,37
33,大运盈通（北京）数码科技有限公司,101763330,互动声线,贵州,音乐点歌,3,37
28,北京鹏华信通网络技术服务有限公司,101764280,空中音乐快车,贵州,音乐点歌,4,37
0,北京沃特信通科技有限公司,1017699,动感音乐吧,贵州,娱乐笑话,1,38
28,北京鹏华信通网络技术服务有限公司,101764281,快乐任我行,贵州,娱乐笑话,2,38
0,北京沃特信通科技有限公司,101768,乐翻天,贵州,娱乐笑话,3,38
33,大运盈通（北京）数码科技有限公司,101764330,巅峰对决,贵州,娱乐笑话,4,38
28,北京鹏华信通网络技术服务有限公司,101763282,商情无限,贵州,热门产品,1,39
33,大运盈通（北京）数码科技有限公司,101764331,白领精英沙龙,贵州,热门产品,2,39
0,北京沃特信通科技有限公司,1017680,互动娱乐城,贵州,热门产品,3,39
28,北京鹏华信通网络技术服务有限公司,101764282,娱乐在线,贵州,热门产品,4,39
0,北京沃特信通科技有限公司,1017689,心语星空,贵州,热门产品,5,39
28,北京鹏华信通网络技术服务有限公司,101763282,商情无限,海南,财经时事,1,40
0,北京沃特信通科技有限公司,1017680,互动娱乐城,海南,交友聊天,1,41
28,北京鹏华信通网络技术服务有限公司,101764282,娱乐在线,海南,交友聊天,2,41
28,北京鹏华信通网络技术服务有限公司,101762280,心灵驿站,海南,交友聊天,3,41
0,北京沃特信通科技有限公司,1017689,心语星空,海南,情感哲理,1,42
28,北京鹏华信通网络技术服务有限公司,101763281,浪漫花园,海南,情感哲理,2,42
28,北京鹏华信通网络技术服务有限公司,101763280,都市直通车,海南,生活百科,1,43
28,北京鹏华信通网络技术服务有限公司,101762281,足球世界,海南,生活百科,2,43
28,北京鹏华信通网络技术服务有限公司,101764283,缘分天空,海南,音乐点歌,1,44
0,北京沃特信通科技有限公司,10176996,音乐星空,海南,音乐点歌,2,44
28,北京鹏华信通网络技术服务有限公司,101764280,空中音乐快车,海南,音乐点歌,3,44
0,北京沃特信通科技有限公司,1017699,动感音乐吧,海南,娱乐笑话,1,45
28,北京鹏华信通网络技术服务有限公司,101764281,快乐任我行,海南,娱乐笑话,2,45
0,北京沃特信通科技有限公司,101768,乐翻天,海南,娱乐笑话,3,45
28,北京鹏华信通网络技术服务有限公司,101763283,欢乐大本营,海南,娱乐笑话,4,45
28,北京鹏华信通网络技术服务有限公司,101763282,商情无限,海南,热门产品,1,46
0,北京沃特信通科技有限公司,1017680,互动娱乐城,海南,热门产品,2,46
28,北京鹏华信通网络技术服务有限公司,101764282,娱乐在线,海南,热门产品,3,46
28,北京鹏华信通网络技术服务有限公司,101762280,心灵驿站,海南,热门产品,4,46
0,北京沃特信通科技有限公司,1017689,心语星空,海南,热门产品,5,46
28,北京鹏华信通网络技术服务有限公司,101763282,商情无限,河北,财经时事,1,47
0,北京沃特信通科技有限公司,1017680,互动娱乐城,河北,交友聊天,1,48
28,北京鹏华信通网络技术服务有限公司,101764282,娱乐在线,河北,交友聊天,2,48
0,北京沃特信通科技有限公司,1017689,心语星空,河北,情感哲理,1,49
33,大运盈通（北京）数码科技有限公司,101764332,魅力声线,河北,生活百科,1,50
33,大运盈通（北京）数码科技有限公司,101763332,幸运转盘,河北,生活百科,2,50
0,北京沃特信通科技有限公司,10176996,音乐星空,河北,音乐点歌,1,51
0,北京沃特信通科技有限公司,1017699,动感音乐吧,河北,娱乐笑话,1,52
0,北京沃特信通科技有限公司,101768,乐翻天,河北,娱乐笑话,2,52
33,大运盈通（北京）数码科技有限公司,101764330,巅峰对决,河北,娱乐笑话,3,52
28,北京鹏华信通网络技术服务有限公司,101763282,商情无限,河北,热门产品,1,53
0,北京沃特信通科技有限公司,1017680,互动娱乐城,河北,热门产品,2,53
28,北京鹏华信通网络技术服务有限公司,101764282,娱乐在线,河北,热门产品,3,53
0,北京沃特信通科技有限公司,1017689,心语星空,河北,热门产品,4,53
33,大运盈通（北京）数码科技有限公司,101764332,魅力声线,河北,热门产品,5,53
28,北京鹏华信通网络技术服务有限公司,101763282,商情无限,河南,财经时事,1,54
33,大运盈通（北京）数码科技有限公司,101764331,白领精英沙龙,河南,交友聊天,1,55
0,北京沃特信通科技有限公司,1017680,互动娱乐城,河南,交友聊天,2,55
28,北京鹏华信通网络技术服务有限公司,101764282,娱乐在线,河南,交友聊天,3,55
28,北京鹏华信通网络技术服务有限公司,101762280,心灵驿站,河南,交友聊天,4,55
0,北京沃特信通科技有限公司,1017689,心语星空,河南,情感哲理,1,56
28,北京鹏华信通网络技术服务有限公司,101763281,浪漫花园,河南,情感哲理,2,56
33,大运盈通（北京）数码科技有限公司,101764332,魅力声线,河南,生活百科,1,57
28,北京鹏华信通网络技术服务有限公司,101763280,都市直通车,河南,生活百科,2,57
33,大运盈通（北京）数码科技有限公司,101763332,幸运转盘,河南,生活百科,3,57
28,北京鹏华信通网络技术服务有限公司,101762281,足球世界,河南,生活百科,4,57
28,北京鹏华信通网络技术服务有限公司,101764283,缘分天空,河南,音乐点歌,1,58
0,北京沃特信通科技有限公司,10176996,音乐星空,河南,音乐点歌,2,58
33,大运盈通（北京）数码科技有限公司,101763330,互动声线,河南,音乐点歌,3,58
28,北京鹏华信通网络技术服务有限公司,101764280,空中音乐快车,河南,音乐点歌,4,58
0,北京沃特信通科技有限公司,1017699,动感音乐吧,河南,娱乐笑话,1,59
28,北京鹏华信通网络技术服务有限公司,101764281,快乐任我行,河南,娱乐笑话,2,59
0,北京沃特信通科技有限公司,101768,乐翻天,河南,娱乐笑话,3,59
33,大运盈通（北京）数码科技有限公司,101764330,巅峰对决,河南,娱乐笑话,4,59
28,北京鹏华信通网络技术服务有限公司,101763283,欢乐大本营,河南,娱乐笑话,5,59
28,北京鹏华信通网络技术服务有限公司,101763282,商情无限,河南,热门产品,1,60
33,大运盈通（北京）数码科技有限公司,101764331,白领精英沙龙,河南,热门产品,2,60
0,北京沃特信通科技有限公司,1017680,互动娱乐城,河南,热门产品,3,60
28,北京鹏华信通网络技术服务有限公司,101764282,娱乐在线,河南,热门产品,4,60
28,北京鹏华信通网络技术服务有限公司,101762280,心灵驿站,河南,热门产品,5,60
28,北京鹏华信通网络技术服务有限公司,101763282,商情无限,黑龙江,财经时事,1,61
33,大运盈通（北京）数码科技有限公司,101764331,白领精英沙龙,黑龙江,交友聊天,1,62
0,北京沃特信通科技有限公司,1017680,互动娱乐城,黑龙江,交友聊天,2,62
28,北京鹏华信通网络技术服务有限公司,101764282,娱乐在线,黑龙江,交友聊天,3,62
28,北京鹏华信通网络技术服务有限公司,101762280,心灵驿站,黑龙江,交友聊天,4,62
0,北京沃特信通科技有限公司,1017689,心语星空,黑龙江,情感哲理,1,63
28,北京鹏华信通网络技术服务有限公司,101763281,浪漫花园,黑龙江,情感哲理,2,63
33,大运盈通（北京）数码科技有限公司,101764332,魅力声线,黑龙江,生活百科,1,64
28,北京鹏华信通网络技术服务有限公司,101763280,都市直通车,黑龙江,生活百科,2,64
33,大运盈通（北京）数码科技有限公司,101763332,幸运转盘,黑龙江,生活百科,3,64
28,北京鹏华信通网络技术服务有限公司,101762281,足球世界,黑龙江,生活百科,4,64
28,北京鹏华信通网络技术服务有限公司,101764283,缘分天空,黑龙江,音乐点歌,1,65
0,北京沃特信通科技有限公司,10176996,音乐星空,黑龙江,音乐点歌,2,65
33,大运盈通（北京）数码科技有限公司,101763330,互动声线,黑龙江,音乐点歌,3,65
28,北京鹏华信通网络技术服务有限公司,101764280,空中音乐快车,黑龙江,音乐点歌,4,65
0,北京沃特信通科技有限公司,1017699,动感音乐吧,黑龙江,娱乐笑话,1,66
28,北京鹏华信通网络技术服务有限公司,101764281,快乐任我行,黑龙江,娱乐笑话,2,66
0,北京沃特信通科技有限公司,101768,乐翻天,黑龙江,娱乐笑话,3,66
33,大运盈通（北京）数码科技有限公司,101764330,巅峰对决,黑龙江,娱乐笑话,4,66
28,北京鹏华信通网络技术服务有限公司,101763283,欢乐大本营,黑龙江,娱乐笑话,5,66
28,北京鹏华信通网络技术服务有限公司,101763282,商情无限,黑龙江,热门产品,1,67
33,大运盈通（北京）数码科技有限公司,101764331,白领精英沙龙,黑龙江,热门产品,2,67
0,北京沃特信通科技有限公司,1017680,互动娱乐城,黑龙江,热门产品,3,67
28,北京鹏华信通网络技术服务有限公司,101764282,娱乐在线,黑龙江,热门产品,4,67
28,北京鹏华信通网络技术服务有限公司,101762280,心灵驿站,黑龙江,热门产品,5,67
28,北京鹏华信通网络技术服务有限公司,101763282,商情无限,湖北,财经时事,1,68
33,大运盈通（北京）数码科技有限公司,101764331,白领精英沙龙,湖北,交友聊天,1,69
0,北京沃特信通科技有限公司,1017680,互动娱乐城,湖北,交友聊天,2,69
28,北京鹏华信通网络技术服务有限公司,101764282,娱乐在线,湖北,交友聊天,3,69
28,北京鹏华信通网络技术服务有限公司,101762280,心灵驿站,湖北,交友聊天,4,69
0,北京沃特信通科技有限公司,1017689,心语星空,湖北,情感哲理,1,70
28,北京鹏华信通网络技术服务有限公司,101763281,浪漫花园,湖北,情感哲理,2,70
33,大运盈通（北京）数码科技有限公司,101764332,魅力声线,湖北,生活百科,1,71
28,北京鹏华信通网络技术服务有限公司,101763280,都市直通车,湖北,生活百科,2,71
33,大运盈通（北京）数码科技有限公司,101763332,幸运转盘,湖北,生活百科,3,71
28,北京鹏华信通网络技术服务有限公司,101762281,足球世界,湖北,生活百科,4,71
28,北京鹏华信通网络技术服务有限公司,101764283,缘分天空,湖北,音乐点歌,1,72
0,北京沃特信通科技有限公司,10176996,音乐星空,湖北,音乐点歌,2,72
33,大运盈通（北京）数码科技有限公司,101763330,互动声线,湖北,音乐点歌,3,72
28,北京鹏华信通网络技术服务有限公司,101764280,空中音乐快车,湖北,音乐点歌,4,72
0,北京沃特信通科技有限公司,1017699,动感音乐吧,湖北,娱乐笑话,1,73
28,北京鹏华信通网络技术服务有限公司,101764281,快乐任我行,湖北,娱乐笑话,2,73
0,北京沃特信通科技有限公司,101768,乐翻天,湖北,娱乐笑话,3,73
33,大运盈通（北京）数码科技有限公司,101764330,巅峰对决,湖北,娱乐笑话,4,73
28,北京鹏华信通网络技术服务有限公司,101763283,欢乐大本营,湖北,娱乐笑话,5,73
28,北京鹏华信通网络技术服务有限公司,101763282,商情无限,湖北,热门产品,1,74
33,大运盈通（北京）数码科技有限公司,101764331,白领精英沙龙,湖北,热门产品,2,74
0,北京沃特信通科技有限公司,1017680,互动娱乐城,湖北,热门产品,3,74
28,北京鹏华信通网络技术服务有限公司,101764282,娱乐在线,湖北,热门产品,4,74
28,北京鹏华信通网络技术服务有限公司,101762280,心灵驿站,湖北,热门产品,5,74
33,大运盈通（北京）数码科技有限公司,101764331,白领精英沙龙,湖南,交友聊天,1,75
0,北京沃特信通科技有限公司,1017680,互动娱乐城,湖南,交友聊天,2,75
0,北京沃特信通科技有限公司,1017689,心语星空,湖南,情感哲理,1,76
33,大运盈通（北京）数码科技有限公司,101764332,魅力声线,湖南,生活百科,1,77
33,大运盈通（北京）数码科技有限公司,101763332,幸运转盘,湖南,生活百科,2,77
0,北京沃特信通科技有限公司,10176996,音乐星空,湖南,音乐点歌,1,78
33,大运盈通（北京）数码科技有限公司,101763330,互动声线,湖南,音乐点歌,2,78
0,北京沃特信通科技有限公司,1017699,动感音乐吧,湖南,娱乐笑话,1,79
0,北京沃特信通科技有限公司,101768,乐翻天,湖南,娱乐笑话,2,79
33,大运盈通（北京）数码科技有限公司,101764330,巅峰对决,湖南,娱乐笑话,3,79
33,大运盈通（北京）数码科技有限公司,101764331,白领精英沙龙,湖南,热门产品,1,80
0,北京沃特信通科技有限公司,1017680,互动娱乐城,湖南,热门产品,2,80
0,北京沃特信通科技有限公司,1017689,心语星空,湖南,热门产品,3,80
33,大运盈通（北京）数码科技有限公司,101764332,魅力声线,湖南,热门产品,4,80
33,大运盈通（北京）数码科技有限公司,101763332,幸运转盘,湖南,热门产品,5,80
28,北京鹏华信通网络技术服务有限公司,101763282,商情无限,吉林,财经时事,1,81
33,大运盈通（北京）数码科技有限公司,101764331,白领精英沙龙,吉林,交友聊天,1,82
0,北京沃特信通科技有限公司,1017680,互动娱乐城,吉林,交友聊天,2,82
28,北京鹏华信通网络技术服务有限公司,101764282,娱乐在线,吉林,交友聊天,3,82
28,北京鹏华信通网络技术服务有限公司,101762280,心灵驿站,吉林,交友聊天,4,82
0,北京沃特信通科技有限公司,1017689,心语星空,吉林,情感哲理,1,83
28,北京鹏华信通网络技术服务有限公司,101763281,浪漫花园,吉林,情感哲理,2,83
33,大运盈通（北京）数码科技有限公司,101764332,魅力声线,吉林,生活百科,1,84
28,北京鹏华信通网络技术服务有限公司,101763280,都市直通车,吉林,生活百科,2,84
33,大运盈通（北京）数码科技有限公司,101763332,幸运转盘,吉林,生活百科,3,84
28,北京鹏华信通网络技术服务有限公司,101762281,足球世界,吉林,生活百科,4,84
0,北京沃特信通科技有限公司,1017690,倾情点歌,吉林,音乐点歌,1,85
28,北京鹏华信通网络技术服务有限公司,101764283,缘分天空,吉林,音乐点歌,2,85
33,大运盈通（北京）数码科技有限公司,101763330,互动声线,吉林,音乐点歌,3,85
28,北京鹏华信通网络技术服务有限公司,101764280,空中音乐快车,吉林,音乐点歌,4,85
0,北京沃特信通科技有限公司,1017699,动感音乐吧,吉林,娱乐笑话,1,86
28,北京鹏华信通网络技术服务有限公司,101764281,快乐任我行,吉林,娱乐笑话,2,86
0,北京沃特信通科技有限公司,101768,乐翻天,吉林,娱乐笑话,3,86
33,大运盈通（北京）数码科技有限公司,101764330,巅峰对决,吉林,娱乐笑话,4,86
0,北京沃特信通科技有限公司,1017696,缘分天空,吉林,娱乐笑话,5,86
0,北京沃特信通科技有限公司,1017688,欢乐大玩家,吉林,娱乐笑话,6,86
0,北京沃特信通科技有限公司,1017698,蜜语传情,吉林,娱乐笑话,7,86
28,北京鹏华信通网络技术服务有限公司,101763282,商情无限,吉林,热门产品,1,87
33,大运盈通（北京）数码科技有限公司,101764331,白领精英沙龙,吉林,热门产品,2,87
0,北京沃特信通科技有限公司,1017680,互动娱乐城,吉林,热门产品,3,87
28,北京鹏华信通网络技术服务有限公司,101764282,娱乐在线,吉林,热门产品,4,87
28,北京鹏华信通网络技术服务有限公司,101762280,心灵驿站,吉林,热门产品,5,87
28,北京鹏华信通网络技术服务有限公司,101763282,商情无限,江苏,财经时事,1,88
33,大运盈通（北京）数码科技有限公司,101764332,魅力声线,江苏,生活百科,1,89
33,大运盈通（北京）数码科技有限公司,101763332,幸运转盘,江苏,生活百科,2,89
28,北京鹏华信通网络技术服务有限公司,101762281,足球世界,江苏,生活百科,3,89
33,大运盈通（北京）数码科技有限公司,101763330,互动声线,江苏,音乐点歌,1,90
28,北京鹏华信通网络技术服务有限公司,101764280,空中音乐快车,江苏,音乐点歌,2,90
33,大运盈通（北京）数码科技有限公司,101764330,巅峰对决,江苏,娱乐笑话,1,91
28,北京鹏华信通网络技术服务有限公司,101763282,商情无限,江苏,热门产品,1,92
33,大运盈通（北京）数码科技有限公司,101764332,魅力声线,江苏,热门产品,2,92
33,大运盈通（北京）数码科技有限公司,101763332,幸运转盘,江苏,热门产品,3,92
28,北京鹏华信通网络技术服务有限公司,101762281,足球世界,江苏,热门产品,4,92
33,大运盈通（北京）数码科技有限公司,101763330,互动声线,江苏,热门产品,5,92
28,北京鹏华信通网络技术服务有限公司,101763282,商情无限,江西,财经时事,1,93
33,大运盈通（北京）数码科技有限公司,101764331,白领精英沙龙,江西,交友聊天,1,94
28,北京鹏华信通网络技术服务有限公司,101764282,娱乐在线,江西,交友聊天,2,94
28,北京鹏华信通网络技术服务有限公司,101762280,心灵驿站,江西,交友聊天,3,94
28,北京鹏华信通网络技术服务有限公司,101763281,浪漫花园,江西,情感哲理,1,95
33,大运盈通（北京）数码科技有限公司,101764332,魅力声线,江西,生活百科,1,96
28,北京鹏华信通网络技术服务有限公司,101763280,都市直通车,江西,生活百科,2,96
33,大运盈通（北京）数码科技有限公司,101763332,幸运转盘,江西,生活百科,3,96
28,北京鹏华信通网络技术服务有限公司,101762281,足球世界,江西,生活百科,4,96
28,北京鹏华信通网络技术服务有限公司,101764283,缘分天空,江西,音乐点歌,1,97
33,大运盈通（北京）数码科技有限公司,101763330,互动声线,江西,音乐点歌,2,97
28,北京鹏华信通网络技术服务有限公司,101764280,空中音乐快车,江西,音乐点歌,3,97
28,北京鹏华信通网络技术服务有限公司,101764281,快乐任我行,江西,娱乐笑话,1,98
33,大运盈通（北京）数码科技有限公司,101764330,巅峰对决,江西,娱乐笑话,2,98
28,北京鹏华信通网络技术服务有限公司,101763283,欢乐大本营,江西,娱乐笑话,3,98
28,北京鹏华信通网络技术服务有限公司,101763282,商情无限,江西,热门产品,1,99
33,大运盈通（北京）数码科技有限公司,101764331,白领精英沙龙,江西,热门产品,2,99
28,北京鹏华信通网络技术服务有限公司,101764282,娱乐在线,江西,热门产品,3,99
28,北京鹏华信通网络技术服务有限公司,101762280,心灵驿站,江西,热门产品,4,99
28,北京鹏华信通网络技术服务有限公司,101763281,浪漫花园,江西,热门产品,5,99
28,北京鹏华信通网络技术服务有限公司,101763282,商情无限,辽宁,财经时事,1,100
33,大运盈通（北京）数码科技有限公司,101764331,白领精英沙龙,辽宁,交友聊天,1,101
0,北京沃特信通科技有限公司,1017680,互动娱乐城,辽宁,交友聊天,2,101
28,北京鹏华信通网络技术服务有限公司,101764282,娱乐在线,辽宁,交友聊天,3,101
28,北京鹏华信通网络技术服务有限公司,101762280,心灵驿站,辽宁,交友聊天,4,101
0,北京沃特信通科技有限公司,1017689,心语星空,辽宁,情感哲理,1,102
28,北京鹏华信通网络技术服务有限公司,101763281,浪漫花园,辽宁,情感哲理,2,102
33,大运盈通（北京）数码科技有限公司,101764332,魅力声线,辽宁,生活百科,1,103
28,北京鹏华信通网络技术服务有限公司,101763280,都市直通车,辽宁,生活百科,2,103
33,大运盈通（北京）数码科技有限公司,101763332,幸运转盘,辽宁,生活百科,3,103
28,北京鹏华信通网络技术服务有限公司,101762281,足球世界,辽宁,生活百科,4,103
28,北京鹏华信通网络技术服务有限公司,101764283,缘分天空,辽宁,音乐点歌,1,104
0,北京沃特信通科技有限公司,10176996,音乐星空,辽宁,音乐点歌,2,104
33,大运盈通（北京）数码科技有限公司,101763330,互动声线,辽宁,音乐点歌,3,104
28,北京鹏华信通网络技术服务有限公司,101764280,空中音乐快车,辽宁,音乐点歌,4,104
0,北京沃特信通科技有限公司,1017699,动感音乐吧,辽宁,娱乐笑话,1,105
28,北京鹏华信通网络技术服务有限公司,101764281,快乐任我行,辽宁,娱乐笑话,2,105
0,北京沃特信通科技有限公司,101768,乐翻天,辽宁,娱乐笑话,3,105
33,大运盈通（北京）数码科技有限公司,101764330,巅峰对决,辽宁,娱乐笑话,4,105
28,北京鹏华信通网络技术服务有限公司,101763283,欢乐大本营,辽宁,娱乐笑话,5,105
28,北京鹏华信通网络技术服务有限公司,101763282,商情无限,辽宁,热门产品,1,106
33,大运盈通（北京）数码科技有限公司,101764331,白领精英沙龙,辽宁,热门产品,2,106
0,北京沃特信通科技有限公司,1017680,互动娱乐城,辽宁,热门产品,3,106
28,北京鹏华信通网络技术服务有限公司,101764282,娱乐在线,辽宁,热门产品,4,106
28,北京鹏华信通网络技术服务有限公司,101762280,心灵驿站,辽宁,热门产品,5,106
28,北京鹏华信通网络技术服务有限公司,101763282,商情无限,内蒙古,财经时事,1,107
0,北京沃特信通科技有限公司,1017680,互动娱乐城,内蒙古,交友聊天,1,108
28,北京鹏华信通网络技术服务有限公司,101764282,娱乐在线,内蒙古,交友聊天,2,108
28,北京鹏华信通网络技术服务有限公司,101762280,心灵驿站,内蒙古,交友聊天,3,108
0,北京沃特信通科技有限公司,1017689,心语星空,内蒙古,情感哲理,1,109
28,北京鹏华信通网络技术服务有限公司,101763281,浪漫花园,内蒙古,情感哲理,2,109
28,北京鹏华信通网络技术服务有限公司,101763280,都市直通车,内蒙古,生活百科,1,110
28,北京鹏华信通网络技术服务有限公司,101762281,足球世界,内蒙古,生活百科,2,110
28,北京鹏华信通网络技术服务有限公司,101764283,缘分天空,内蒙古,音乐点歌,1,111
0,北京沃特信通科技有限公司,10176996,音乐星空,内蒙古,音乐点歌,2,111
28,北京鹏华信通网络技术服务有限公司,101764280,空中音乐快车,内蒙古,音乐点歌,3,111
0,北京沃特信通科技有限公司,1017699,动感音乐吧,内蒙古,娱乐笑话,1,112
28,北京鹏华信通网络技术服务有限公司,101764281,快乐任我行,内蒙古,娱乐笑话,2,112
0,北京沃特信通科技有限公司,101768,乐翻天,内蒙古,娱乐笑话,3,112
28,北京鹏华信通网络技术服务有限公司,101763283,欢乐大本营,内蒙古,娱乐笑话,4,112
28,北京鹏华信通网络技术服务有限公司,101763282,商情无限,内蒙古,热门产品,1,113
0,北京沃特信通科技有限公司,1017680,互动娱乐城,内蒙古,热门产品,2,113
28,北京鹏华信通网络技术服务有限公司,101764282,娱乐在线,内蒙古,热门产品,3,113
28,北京鹏华信通网络技术服务有限公司,101762280,心灵驿站,内蒙古,热门产品,4,113
0,北京沃特信通科技有限公司,1017689,心语星空,内蒙古,热门产品,5,113
28,北京鹏华信通网络技术服务有限公司,101763282,商情无限,宁夏,财经时事,1,114
33,大运盈通（北京）数码科技有限公司,101764331,白领精英沙龙,宁夏,交友聊天,1,115
0,北京沃特信通科技有限公司,1017680,互动娱乐城,宁夏,交友聊天,2,115
28,北京鹏华信通网络技术服务有限公司,101764282,娱乐在线,宁夏,交友聊天,3,115
28,北京鹏华信通网络技术服务有限公司,101762280,心灵驿站,宁夏,交友聊天,4,115
0,北京沃特信通科技有限公司,1017689,心语星空,宁夏,情感哲理,1,116
28,北京鹏华信通网络技术服务有限公司,101763281,浪漫花园,宁夏,情感哲理,2,116
33,大运盈通（北京）数码科技有限公司,101764332,魅力声线,宁夏,生活百科,1,117
28,北京鹏华信通网络技术服务有限公司,101763280,都市直通车,宁夏,生活百科,2,117
33,大运盈通（北京）数码科技有限公司,101763332,幸运转盘,宁夏,生活百科,3,117
28,北京鹏华信通网络技术服务有限公司,101762281,足球世界,宁夏,生活百科,4,117
0,北京沃特信通科技有限公司,1017690,倾情点歌,宁夏,音乐点歌,1,118
28,北京鹏华信通网络技术服务有限公司,101764283,缘分天空,宁夏,音乐点歌,2,118
0,北京沃特信通科技有限公司,10176996,音乐星空,宁夏,音乐点歌,3,118
33,大运盈通（北京）数码科技有限公司,101763330,互动声线,宁夏,音乐点歌,4,118
28,北京鹏华信通网络技术服务有限公司,101764280,空中音乐快车,宁夏,音乐点歌,5,118
0,北京沃特信通科技有限公司,1017699,动感音乐吧,宁夏,娱乐笑话,1,119
28,北京鹏华信通网络技术服务有限公司,101764281,快乐任我行,宁夏,娱乐笑话,2,119
0,北京沃特信通科技有限公司,101768,乐翻天,宁夏,娱乐笑话,3,119
33,大运盈通（北京）数码科技有限公司,101764330,巅峰对决,宁夏,娱乐笑话,4,119
0,北京沃特信通科技有限公司,1017696,缘分天空,宁夏,娱乐笑话,5,119
0,北京沃特信通科技有限公司,1017688,欢乐大玩家,宁夏,娱乐笑话,6,119
0,北京沃特信通科技有限公司,1017698,蜜语传情,宁夏,娱乐笑话,7,119
28,北京鹏华信通网络技术服务有限公司,101763282,商情无限,宁夏,热门产品,1,120
33,大运盈通（北京）数码科技有限公司,101764331,白领精英沙龙,宁夏,热门产品,2,120
0,北京沃特信通科技有限公司,1017680,互动娱乐城,宁夏,热门产品,3,120
28,北京鹏华信通网络技术服务有限公司,101764282,娱乐在线,宁夏,热门产品,4,120
28,北京鹏华信通网络技术服务有限公司,101762280,心灵驿站,宁夏,热门产品,5,120
28,北京鹏华信通网络技术服务有限公司,101763282,商情无限,青海,财经时事,1,121
33,大运盈通（北京）数码科技有限公司,101764331,白领精英沙龙,青海,交友聊天,1,122
0,北京沃特信通科技有限公司,1017680,互动娱乐城,青海,交友聊天,2,122
28,北京鹏华信通网络技术服务有限公司,101764282,娱乐在线,青海,交友聊天,3,122
0,北京沃特信通科技有限公司,1017689,心语星空,青海,情感哲理,1,123
28,北京鹏华信通网络技术服务有限公司,101763281,浪漫花园,青海,情感哲理,2,123
33,大运盈通（北京）数码科技有限公司,101764332,魅力声线,青海,生活百科,1,124
33,大运盈通（北京）数码科技有限公司,101763332,幸运转盘,青海,生活百科,2,124
28,北京鹏华信通网络技术服务有限公司,101762281,足球世界,青海,生活百科,3,124
28,北京鹏华信通网络技术服务有限公司,101764283,缘分天空,青海,音乐点歌,1,125
0,北京沃特信通科技有限公司,10176996,音乐星空,青海,音乐点歌,2,125
33,大运盈通（北京）数码科技有限公司,101763330,互动声线,青海,音乐点歌,3,125
28,北京鹏华信通网络技术服务有限公司,101764280,空中音乐快车,青海,音乐点歌,4,125
0,北京沃特信通科技有限公司,1017699,动感音乐吧,青海,娱乐笑话,1,126
28,北京鹏华信通网络技术服务有限公司,101764281,快乐任我行,青海,娱乐笑话,2,126
0,北京沃特信通科技有限公司,101768,乐翻天,青海,娱乐笑话,3,126
33,大运盈通（北京）数码科技有限公司,101764330,巅峰对决,青海,娱乐笑话,4,126
28,北京鹏华信通网络技术服务有限公司,101763282,商情无限,青海,热门产品,1,127
33,大运盈通（北京）数码科技有限公司,101764331,白领精英沙龙,青海,热门产品,2,127
0,北京沃特信通科技有限公司,1017680,互动娱乐城,青海,热门产品,3,127
28,北京鹏华信通网络技术服务有限公司,101764282,娱乐在线,青海,热门产品,4,127
0,北京沃特信通科技有限公司,1017689,心语星空,青海,热门产品,5,127
28,北京鹏华信通网络技术服务有限公司,101763282,商情无限,山东,财经时事,1,128
33,大运盈通（北京）数码科技有限公司,101764331,白领精英沙龙,山东,交友聊天,1,129
0,北京沃特信通科技有限公司,1017680,互动娱乐城,山东,交友聊天,2,129
0,北京沃特信通科技有限公司,1017689,心语星空,山东,情感哲理,1,130
33,大运盈通（北京）数码科技有限公司,101764332,魅力声线,山东,生活百科,1,131
28,北京鹏华信通网络技术服务有限公司,101764280,空中音乐快车,山东,音乐点歌,1,132
33,大运盈通（北京）数码科技有限公司,101764330,巅峰对决,山东,娱乐笑话,1,133
28,北京鹏华信通网络技术服务有限公司,101763282,商情无限,山东,热门产品,1,134
33,大运盈通（北京）数码科技有限公司,101764331,白领精英沙龙,山东,热门产品,2,134
0,北京沃特信通科技有限公司,1017680,互动娱乐城,山东,热门产品,3,134
0,北京沃特信通科技有限公司,1017689,心语星空,山东,热门产品,4,134
33,大运盈通（北京）数码科技有限公司,101764332,魅力声线,山东,热门产品,5,134
33,大运盈通（北京）数码科技有限公司,101764331,白领精英沙龙,山西,交友聊天,1,135
0,北京沃特信通科技有限公司,1017680,互动娱乐城,山西,交友聊天,2,135
0,北京沃特信通科技有限公司,1017689,心语星空,山西,情感哲理,1,136
33,大运盈通（北京）数码科技有限公司,101764332,魅力声线,山西,生活百科,1,137
33,大运盈通（北京）数码科技有限公司,101763332,幸运转盘,山西,生活百科,2,137
0,北京沃特信通科技有限公司,10176996,音乐星空,山西,音乐点歌,1,138
33,大运盈通（北京）数码科技有限公司,101763330,互动声线,山西,音乐点歌,2,138
0,北京沃特信通科技有限公司,1017699,动感音乐吧,山西,娱乐笑话,1,139
0,北京沃特信通科技有限公司,101768,乐翻天,山西,娱乐笑话,2,139
33,大运盈通（北京）数码科技有限公司,101764330,巅峰对决,山西,娱乐笑话,3,139
33,大运盈通（北京）数码科技有限公司,101764331,白领精英沙龙,山西,热门产品,1,140
0,北京沃特信通科技有限公司,1017680,互动娱乐城,山西,热门产品,2,140
0,北京沃特信通科技有限公司,1017689,心语星空,山西,热门产品,3,140
33,大运盈通（北京）数码科技有限公司,101764332,魅力声线,山西,热门产品,4,140
33,大运盈通（北京）数码科技有限公司,101763332,幸运转盘,山西,热门产品,5,140
28,北京鹏华信通网络技术服务有限公司,101763282,商情无限,陕西,财经时事,1,141
33,大运盈通（北京）数码科技有限公司,101764331,白领精英沙龙,陕西,交友聊天,1,142
0,北京沃特信通科技有限公司,1017680,互动娱乐城,陕西,交友聊天,2,142
28,北京鹏华信通网络技术服务有限公司,101764282,娱乐在线,陕西,交友聊天,3,142
28,北京鹏华信通网络技术服务有限公司,101762280,心灵驿站,陕西,交友聊天,4,142
0,北京沃特信通科技有限公司,1017689,心语星空,陕西,情感哲理,1,143
28,北京鹏华信通网络技术服务有限公司,101763281,浪漫花园,陕西,情感哲理,2,143
33,大运盈通（北京）数码科技有限公司,101764332,魅力声线,陕西,生活百科,1,144
0,北京沃特信通科技有限公司,10176999,专家热线,陕西,生活百科,2,144
28,北京鹏华信通网络技术服务有限公司,101763280,都市直通车,陕西,生活百科,3,144
33,大运盈通（北京）数码科技有限公司,101763332,幸运转盘,陕西,生活百科,4,144
28,北京鹏华信通网络技术服务有限公司,101762281,足球世界,陕西,生活百科,5,144
28,北京鹏华信通网络技术服务有限公司,101764283,缘分天空,陕西,音乐点歌,1,145
0,北京沃特信通科技有限公司,10176996,音乐星空,陕西,音乐点歌,2,145
33,大运盈通（北京）数码科技有限公司,101763330,互动声线,陕西,音乐点歌,3,145
28,北京鹏华信通网络技术服务有限公司,101764280,空中音乐快车,陕西,音乐点歌,4,145
0,北京沃特信通科技有限公司,1017699,动感音乐吧,陕西,娱乐笑话,1,146
28,北京鹏华信通网络技术服务有限公司,101764281,快乐任我行,陕西,娱乐笑话,2,146
0,北京沃特信通科技有限公司,101768,乐翻天,陕西,娱乐笑话,3,146
33,大运盈通（北京）数码科技有限公司,101764330,巅峰对决,陕西,娱乐笑话,4,146
0,北京沃特信通科技有限公司,1017688,欢乐大玩家,陕西,娱乐笑话,5,146
28,北京鹏华信通网络技术服务有限公司,101763283,欢乐大本营,陕西,娱乐笑话,6,146
28,北京鹏华信通网络技术服务有限公司,101763282,商情无限,陕西,热门产品,1,147
33,大运盈通（北京）数码科技有限公司,101764331,白领精英沙龙,陕西,热门产品,2,147
0,北京沃特信通科技有限公司,1017680,互动娱乐城,陕西,热门产品,3,147
28,北京鹏华信通网络技术服务有限公司,101764282,娱乐在线,陕西,热门产品,4,147
28,北京鹏华信通网络技术服务有限公司,101762280,心灵驿站,陕西,热门产品,5,147
0,北京沃特信通科技有限公司,1017680,互动娱乐城,上海,交友聊天,1,148
0,北京沃特信通科技有限公司,1017689,心语星空,上海,情感哲理,1,149
33,大运盈通（北京）数码科技有限公司,101764332,魅力声线,上海,生活百科,1,150
0,北京沃特信通科技有限公司,10176996,音乐星空,上海,音乐点歌,1,151
0,北京沃特信通科技有限公司,1017699,动感音乐吧,上海,娱乐笑话,1,152
0,北京沃特信通科技有限公司,101768,乐翻天,上海,娱乐笑话,2,152
33,大运盈通（北京）数码科技有限公司,101764330,巅峰对决,上海,娱乐笑话,3,152
0,北京沃特信通科技有限公司,1017680,互动娱乐城,上海,热门产品,1,153
0,北京沃特信通科技有限公司,1017689,心语星空,上海,热门产品,2,153
33,大运盈通（北京）数码科技有限公司,101764332,魅力声线,上海,热门产品,3,153
0,北京沃特信通科技有限公司,10176996,音乐星空,上海,热门产品,4,153
0,北京沃特信通科技有限公司,1017699,动感音乐吧,上海,热门产品,5,153
33,大运盈通（北京）数码科技有限公司,101764331,白领精英沙龙,四川,交友聊天,1,154
0,北京沃特信通科技有限公司,1017680,互动娱乐城,四川,交友聊天,2,154
0,北京沃特信通科技有限公司,1017689,心语星空,四川,情感哲理,1,155
33,大运盈通（北京）数码科技有限公司,101764332,魅力声线,四川,生活百科,1,156
33,大运盈通（北京）数码科技有限公司,101763332,幸运转盘,四川,生活百科,2,156
0,北京沃特信通科技有限公司,10176996,音乐星空,四川,音乐点歌,1,157
33,大运盈通（北京）数码科技有限公司,101763330,互动声线,四川,音乐点歌,2,157
0,北京沃特信通科技有限公司,1017699,动感音乐吧,四川,娱乐笑话,1,158
0,北京沃特信通科技有限公司,101768,乐翻天,四川,娱乐笑话,2,158
33,大运盈通（北京）数码科技有限公司,101764330,巅峰对决,四川,娱乐笑话,3,158
33,大运盈通（北京）数码科技有限公司,101764331,白领精英沙龙,四川,热门产品,1,159
0,北京沃特信通科技有限公司,1017680,互动娱乐城,四川,热门产品,2,159
0,北京沃特信通科技有限公司,1017689,心语星空,四川,热门产品,3,159
33,大运盈通（北京）数码科技有限公司,101764332,魅力声线,四川,热门产品,4,159
33,大运盈通（北京）数码科技有限公司,101763332,幸运转盘,四川,热门产品,5,159
28,北京鹏华信通网络技术服务有限公司,101763282,商情无限,天津,财经时事,1,160
33,大运盈通（北京）数码科技有限公司,101764331,白领精英沙龙,天津,交友聊天,1,161
0,北京沃特信通科技有限公司,1017680,互动娱乐城,天津,交友聊天,2,161
0,北京沃特信通科技有限公司,1017689,心语星空,天津,情感哲理,1,162
33,大运盈通（北京）数码科技有限公司,101764332,魅力声线,天津,生活百科,1,163
33,大运盈通（北京）数码科技有限公司,101763332,幸运转盘,天津,生活百科,2,163
28,北京鹏华信通网络技术服务有限公司,101762281,足球世界,天津,生活百科,3,163
28,北京鹏华信通网络技术服务有限公司,101764283,缘分天空,天津,音乐点歌,1,164
0,北京沃特信通科技有限公司,10176996,音乐星空,天津,音乐点歌,2,164
33,大运盈通（北京）数码科技有限公司,101763330,互动声线,天津,音乐点歌,3,164
0,北京沃特信通科技有限公司,1017699,动感音乐吧,天津,娱乐笑话,1,165
28,北京鹏华信通网络技术服务有限公司,101764281,快乐任我行,天津,娱乐笑话,2,165
0,北京沃特信通科技有限公司,101768,乐翻天,天津,娱乐笑话,3,165
33,大运盈通（北京）数码科技有限公司,101764330,巅峰对决,天津,娱乐笑话,4,165
28,北京鹏华信通网络技术服务有限公司,101763283,欢乐大本营,天津,娱乐笑话,5,165
28,北京鹏华信通网络技术服务有限公司,101763282,商情无限,天津,热门产品,1,166
33,大运盈通（北京）数码科技有限公司,101764331,白领精英沙龙,天津,热门产品,2,166
0,北京沃特信通科技有限公司,1017680,互动娱乐城,天津,热门产品,3,166
0,北京沃特信通科技有限公司,1017689,心语星空,天津,热门产品,4,166
33,大运盈通（北京）数码科技有限公司,101764332,魅力声线,天津,热门产品,5,166
28,北京鹏华信通网络技术服务有限公司,101763282,商情无限,新疆,财经时事,1,167
33,大运盈通（北京）数码科技有限公司,101764331,白领精英沙龙,新疆,交友聊天,1,168
0,北京沃特信通科技有限公司,1017680,互动娱乐城,新疆,交友聊天,2,168
28,北京鹏华信通网络技术服务有限公司,101764282,娱乐在线,新疆,交友聊天,3,168
28,北京鹏华信通网络技术服务有限公司,101762280,心灵驿站,新疆,交友聊天,4,168
0,北京沃特信通科技有限公司,1017689,心语星空,新疆,情感哲理,1,169
28,北京鹏华信通网络技术服务有限公司,101763281,浪漫花园,新疆,情感哲理,2,169
33,大运盈通（北京）数码科技有限公司,101764332,魅力声线,新疆,生活百科,1,170
28,北京鹏华信通网络技术服务有限公司,101763280,都市直通车,新疆,生活百科,2,170
33,大运盈通（北京）数码科技有限公司,101763332,幸运转盘,新疆,生活百科,3,170
28,北京鹏华信通网络技术服务有限公司,101762281,足球世界,新疆,生活百科,4,170
28,北京鹏华信通网络技术服务有限公司,101764283,缘分天空,新疆,音乐点歌,1,171
0,北京沃特信通科技有限公司,10176996,音乐星空,新疆,音乐点歌,2,171
33,大运盈通（北京）数码科技有限公司,101763330,互动声线,新疆,音乐点歌,3,171
28,北京鹏华信通网络技术服务有限公司,101764280,空中音乐快车,新疆,音乐点歌,4,171
0,北京沃特信通科技有限公司,1017699,动感音乐吧,新疆,娱乐笑话,1,172
28,北京鹏华信通网络技术服务有限公司,101764281,快乐任我行,新疆,娱乐笑话,2,172
0,北京沃特信通科技有限公司,101768,乐翻天,新疆,娱乐笑话,3,172
33,大运盈通（北京）数码科技有限公司,101764330,巅峰对决,新疆,娱乐笑话,4,172
28,北京鹏华信通网络技术服务有限公司,101763283,欢乐大本营,新疆,娱乐笑话,5,172
28,北京鹏华信通网络技术服务有限公司,101763282,商情无限,新疆,热门产品,1,173
33,大运盈通（北京）数码科技有限公司,101764331,白领精英沙龙,新疆,热门产品,2,173
0,北京沃特信通科技有限公司,1017680,互动娱乐城,新疆,热门产品,3,173
28,北京鹏华信通网络技术服务有限公司,101764282,娱乐在线,新疆,热门产品,4,173
28,北京鹏华信通网络技术服务有限公司,101762280,心灵驿站,新疆,热门产品,5,173
28,北京鹏华信通网络技术服务有限公司,101763282,商情无限,云南,财经时事,1,174
33,大运盈通（北京）数码科技有限公司,101764331,白领精英沙龙,云南,交友聊天,1,175
0,北京沃特信通科技有限公司,1017680,互动娱乐城,云南,交友聊天,2,175
28,北京鹏华信通网络技术服务有限公司,101764282,娱乐在线,云南,交友聊天,3,175
28,北京鹏华信通网络技术服务有限公司,101762280,心灵驿站,云南,交友聊天,4,175
0,北京沃特信通科技有限公司,1017689,心语星空,云南,情感哲理,1,176
28,北京鹏华信通网络技术服务有限公司,101763281,浪漫花园,云南,情感哲理,2,176
33,大运盈通（北京）数码科技有限公司,101764332,魅力声线,云南,生活百科,1,177
28,北京鹏华信通网络技术服务有限公司,101763280,都市直通车,云南,生活百科,2,177
33,大运盈通（北京）数码科技有限公司,101763332,幸运转盘,云南,生活百科,3,177
28,北京鹏华信通网络技术服务有限公司,101762281,足球世界,云南,生活百科,4,177
28,北京鹏华信通网络技术服务有限公司,101764283,缘分天空,云南,音乐点歌,1,178
0,北京沃特信通科技有限公司,10176996,音乐星空,云南,音乐点歌,2,178
33,大运盈通（北京）数码科技有限公司,101763330,互动声线,云南,音乐点歌,3,178
28,北京鹏华信通网络技术服务有限公司,101764280,空中音乐快车,云南,音乐点歌,4,178
0,北京沃特信通科技有限公司,1017699,动感音乐吧,云南,娱乐笑话,1,179
28,北京鹏华信通网络技术服务有限公司,101764281,快乐任我行,云南,娱乐笑话,2,179
0,北京沃特信通科技有限公司,101768,乐翻天,云南,娱乐笑话,3,179
33,大运盈通（北京）数码科技有限公司,101764330,巅峰对决,云南,娱乐笑话,4,179
28,北京鹏华信通网络技术服务有限公司,101763283,欢乐大本营,云南,娱乐笑话,5,179
28,北京鹏华信通网络技术服务有限公司,101763282,商情无限,云南,热门产品,1,180
33,大运盈通（北京）数码科技有限公司,101764331,白领精英沙龙,云南,热门产品,2,180
0,北京沃特信通科技有限公司,1017680,互动娱乐城,云南,热门产品,3,180
28,北京鹏华信通网络技术服务有限公司,101764282,娱乐在线,云南,热门产品,4,180
28,北京鹏华信通网络技术服务有限公司,101762280,心灵驿站,云南,热门产品,5,180
0,北京沃特信通科技有限公司,1017680,互动娱乐城,浙江,交友聊天,1,181
0,北京沃特信通科技有限公司,1017689,心语星空,浙江,情感哲理,1,182
33,大运盈通（北京）数码科技有限公司,101763332,幸运转盘,浙江,生活百科,1,183
0,北京沃特信通科技有限公司,10176996,音乐星空,浙江,音乐点歌,1,184
33,大运盈通（北京）数码科技有限公司,101763330,互动声线,浙江,音乐点歌,2,184
0,北京沃特信通科技有限公司,1017699,动感音乐吧,浙江,娱乐笑话,1,185
0,北京沃特信通科技有限公司,101768,乐翻天,浙江,娱乐笑话,2,185
0,北京沃特信通科技有限公司,1017680,互动娱乐城,浙江,热门产品,1,186
0,北京沃特信通科技有限公司,1017689,心语星空,浙江,热门产品,2,186
33,大运盈通（北京）数码科技有限公司,101763332,幸运转盘,浙江,热门产品,3,186
0,北京沃特信通科技有限公司,10176996,音乐星空,浙江,热门产品,4,186
33,大运盈通（北京）数码科技有限公司,101763330,互动声线,浙江,热门产品,5,186
28,北京鹏华信通网络技术服务有限公司,101763282,商情无限,重庆,财经时事,1,187
33,大运盈通（北京）数码科技有限公司,101764331,白领精英沙龙,重庆,交友聊天,1,188
0,北京沃特信通科技有限公司,1017680,互动娱乐城,重庆,交友聊天,2,188
28,北京鹏华信通网络技术服务有限公司,101764282,娱乐在线,重庆,交友聊天,3,188
0,北京沃特信通科技有限公司,1017689,心语星空,重庆,情感哲理,1,189
28,北京鹏华信通网络技术服务有限公司,101763281,浪漫花园,重庆,情感哲理,2,189
33,大运盈通（北京）数码科技有限公司,101764332,魅力声线,重庆,生活百科,1,190
28,北京鹏华信通网络技术服务有限公司,101763280,都市直通车,重庆,生活百科,2,190
33,大运盈通（北京）数码科技有限公司,101763332,幸运转盘,重庆,生活百科,3,190
28,北京鹏华信通网络技术服务有限公司,101762281,足球世界,重庆,生活百科,4,190
0,北京沃特信通科技有限公司,1017690,倾情点歌,重庆,音乐点歌,1,191
28,北京鹏华信通网络技术服务有限公司,101764283,缘分天空,重庆,音乐点歌,2,191
0,北京沃特信通科技有限公司,10176996,音乐星空,重庆,音乐点歌,3,191
28,北京鹏华信通网络技术服务有限公司,101764280,空中音乐快车,重庆,音乐点歌,4,191
28,北京鹏华信通网络技术服务有限公司,101764281,快乐任我行,重庆,娱乐笑话,1,192
0,北京沃特信通科技有限公司,101768,乐翻天,重庆,娱乐笑话,2,192
33,大运盈通（北京）数码科技有限公司,101764330,巅峰对决,重庆,娱乐笑话,3,192
28,北京鹏华信通网络技术服务有限公司,101763283,欢乐大本营,重庆,娱乐笑话,4,192
28,北京鹏华信通网络技术服务有限公司,101763282,商情无限,重庆,热门产品,1,193
33,大运盈通（北京）数码科技有限公司,101764331,白领精英沙龙,重庆,热门产品,2,193
0,北京沃特信通科技有限公司,1017680,互动娱乐城,重庆,热门产品,3,193
28,北京鹏华信通网络技术服务有限公司,101764282,娱乐在线,重庆,热门产品,4,193
0,北京沃特信通科技有限公司,1017689,心语星空,重庆,热门产品,5,193
